Cust_ID,Date,Description,payment_amt,Notes
4111143_ks,03.01.2022,Pagese,122,none
411047,05.01.2022,Pagese,41.04,Lik ne BKT 5004 leke
411780_ks,04.01.2022,Pagese,149,none
4111154_ks,04.01.2022,Pagese,63,none
4111232_ks,04.01.2022,Pagese,27,none
411428_ks,04.01.2022,Pagese,10,none
411972_ks,04.01.2022,PCB,260.51,none
4111786,05.01.2022,Pagese,76.8,none
4111647,06.01.2022,Pagese,64.8,none
4111651,06.01.2022,Pagese,106.5,none
4111823,06.01.2022,Pagese,62.3,none
411863,06.01.2022,BKT,1616.7,Lik ne BKT 197184 leke
411106,07.01.2022,Pagese,61.63,none
411846_ks,06.01.2022,PCB,59.4,none
411601,07.01.2022,Pagese,106.56,none
4111799,08.01.2022,Pagese,1125.5,Lik 1080 euro + 5500 leke
411375,08.01.2022,Pagese,153.45,Lik 18700 leke me shoferin
411550,08.01.2022,Pagese,68.68,Lik 8400 leke
411193,08.01.2022,Pagese,81.97,Lik 10000 leke
4111180,08.01.2022,Pagese,22.95,Lik 2800 leke
411196,08.01.2022,Blerje AD Blue,90.16,none
411634_ks,08.01.2022,PCB,63.6,none
411340_ks,08.01.2022,Pagese,18,none
4111320_ks,08.01.2022,Pagese,212,none
411780_ks,08.01.2022,Pagese,93.5,none
411836_ks,08.01.2022,Pagese,18.5,none
411268_ks,08.01.2022,Pagese,84,none
411659_ks,08.01.2022,Pagese,19.5,none
411271_ks,08.01.2022,Pagese,78,none
411183,10.01.2022,Pagese,29.6,Lik bashke me fat dt 10.01.2022  4200 leke
411986,10.01.2022,Pagese,448.44,Lik Prenga 54700 leke
411601,10.01.2022,Pagese,6.8,none
411777_ks,10.01.2022,PCB,66.36,none
411074,11.01.2022,Pagese,66.05,Lik 8000 leke
4111265,11.01.2022,Pagese,217.5,Lik 26500 leke
411854_ks,10.01.2022,Pagese,48.5,none
411071,11.01.2022,Pagese,13.11,Solli 1600 leke me Benin
411780_ks,12.01.2022,PCB,937.8,none
411047,12.01.2022,Pagese,82.26,Lik 10000 leke ne BKT
411846_ks,12.01.2022,PCB,100.01,none
411237,12.01.2022,Pagese,122.95,Lik Shaba 15000 leke
411248,12.01.2022,Pagese,100,none
411177,12.01.2022,E fshime,6.84,AS 3344   dhene per prove
411421_ks,13.01.2022,BKT,383.6,none
411193,13.01.2022,Pagese,65.57,none
411237,14.01.2022,Pagese,122.95,none
411321,14.01.2022,Pagese,261.9,Lik 31950 leke
411343_ks,13.01.2022,Pagese,19.5,none
4111799,15.01.2022,Pagese,1158.6,Solli 141400 leke
411863,15.01.2022,Bonus,615.8,none
4111143_ks,15.01.2022,Pagese,14,none
411824,17.01.2022,Pagese,88.5,LIK NE BKT
411734,15.01.2022,Pagese,208.72,Lik 25500 leke
411183,17.01.2022,Pagese,56,Lik Bledi 6800 leke
411216_ks,17.01.2022,PCB,24.55,none
411188,17.01.2022,Soluc. Wabco,75.74,none
411268_ks,15.01.2022,Pagese,79.5,none
4111624_ks,15.01.2022,Pagese,103,none
4111356_ks,15.01.2022,Pagese,44.5,none
4111471_ks,15.01.2022,Pagese,31.5,none
411780_ks,15.01.2022,Pagese,86.5,none
4111454_ks,15.01.2022,Pagese,101,none
4111154_ks,15.01.2022,Pagese,125,none
411064,18.01.2022,Pagese,21.31,none
4111435_ks,17.01.2022,Pagese,16,none
4111154_ks,17.01.2022,Pagese,28,none
411177,17.01.2022,Pagese,9.6,none
411892_ks,18.01.2022,BKT,14.1,none
411216,19.01.2022,BKT,82.2,10029 LEKE BKT
411237,20.01.2022,Pagese,163.27,Lik 20000 leke
411377,19.01.2022,Pagese,19.4,Pagoi 2400 leke
411846_ks,20.01.2022,PCB,8.4,none
411872_ks,20.01.2022,BKT,207,none
411106,20.01.2022,Pagese,81.63,none
411027,20.01.2022,Pagese,318.25,none
411207,20.01.2022,Pagese,1500,none
4111197,20.01.2022,Pagese,84.86,Pagoi 10400 leke
411550_ks,20.01.2022,BKT,742.56,none
411183,20.01.2022,Pagese,56.2,Lik Bledi 6900 leke
411106,21.01.2022,Pagese,98.41,Lik Albani 100 euro
4111734,21.01.2022,Pagese,171.2,LIK 21000 LEKE
411585,21.01.2022,Pagese,11.3,LIK 1400 LEKE
411237,22.01.2022,Pagese,163.93,Lik Shaba 20000 leke
4111799,22.01.2022,Pagese,415.78,Lik 335 euro + 10000 leke
4111051_ks,21.01.2022,PCB,63,none
411346,21.01.2022,BKT,166,LIK 20250 LEKE BKT
411237,22.01.2022,Pagese,163.72,Lik Shaba 20000 leke
411654_ks,22.01.2022,BKT,165,none
411528,24.01.2022,Pagese,279.77,Lik 34300 leke
411015,24.01.2022,Pagese,91.34,11200 LEKE 
411634_ks,22.01.2022,Pagese,152.5,none
411268_ks,22.01.2022,Pagese,140,none
4111454_ks,22.01.2022,Pagese,10.5,none
411428_ks,22.01.2022,Pagese,39.5,none
4111154_ks,22.01.2022,Pagese,24,none
411780_ks,22.01.2022,Pagese,270.5,none
411271_ks,22.01.2022,Pagese,81,none
411836_ks,22.01.2022,Pagese,159.35,none
411502_ks,22.01.2022,Pagese,6,none
411375_ks,22.01.2022,Pagese,43,none
411196,24.01.2022,Pagese,67.71,Lik Altini 8300 leke
411106,25.01.2022,Pagese,122.45,Lik Albani 15000 leke
411631,05.01.2022,Pagese,124.92,Lik Ladi 15200 leke
411634_ks,25.01.2022,PCB,521.76,none
411773_ks,25.01.2022,BKT,472.92,none
411248,26.01.2022,Pagese,100,none
411193,26.01.2022,Pagese,32.79,none
411074,26.01.2022,Pagese,250,none
411237,27.01.2022,Pagese,245.9,30000 leke
4111823,27.01.2022,Pagese,55.33,6700 leke
411846_ks,27.01.2022,PCB,75.48,none
411177,28.01.2022,Pagese,28.32,LIK Frani 3400 leke
4111431_ks,28.01.2022,BKT,80.96,none
4111463_ks,28.01.2022,Pagese,206.78,none
411248,29.01.2022,Pagese,242.9,29700 LEKE
411072,29.01.2022,Pagese,85.8,10500 leke
411446,31.01.2022,Pagese,38.18,4700 leke
4111651,31.01.2022,Pagese,154.92,18900 leke
411268_ks,29.01.2022,Pagese,57.5,none
411846_ks,31.01.2022,PCB,104.42,none
411836_ks,29.01.2022,Pagese,171.15,none
411428_ks,29.01.2022,Pagese,56,none
411630_ks,29.01.2022,Pagese,35.5,none
4111276_ks,29.01.2022,Pagese,61,none
4111471_ks,29.01.2022,Pagese,14,none
411660_ks,29.01.2022,Pagese,228.5,none
4111232_ks,29.01.2022,Pagese,47,none
411854_ks,29.01.2022,Pagese,20.5,none
411892_ks,31.01.2022,BKT,13.92,none
411590,31.01.2022,BKT,372.5,42445 LEKE
411013,31.01.2022,Pagese,379.2,none
411428_ks,31.01.2022,Pagese,68,none
411340_ks,31.01.2022,Pagese,12,none
411634_ks,31.01.2022,PCB,57.6,none
411777_ks,31.01.2022,PCB,115.2,none
411287_ks,31.01.2022,PCB,128.4,none
4111578_ks,31.01.2022,BKT,86,none
411336,31.01.2022,BKT,155.74,PORSCHE ALBANIA
4111263,31.01.2022,BKT,37.8,4630 LEKE
411196,31.01.2022,Pagese,184.48,22500 leke
411863,01.02.2022,BKT,921.7,112668 LEKE
411972_ks,02.02.2022,PCB,531.7,none
411177,01.02.2022,Pagese,50.98,6000 leke
4111734,02.02.2022,Pagese,99.2,12000 LEKE
411428_ks,01.02.2022,Pagese,12.5,none
411836_ks,01.02.2022,Pagese,45.5,none
411630_ks,01.02.2022,Pagese,20.5,none
411183,02.02.2022,Pagese,86.1,none
411188,02.02.2022,Pagese,132.46,133 euro
4111205_ks,02.02.2022,BKT,138.16,none
411216,02.02.2022,BKT,218.52,26672 leke
411064,02.02.2022,Pagese,18.5,2260 leke
411660,02.02.2022,Pagese,236.34,28800 LEKE
411321,03.02.2022,Pagese,448.6,54800 leke
411193,03.02.2022,Pagese,57.38,7000 LEKE
411846_ks,02.02.2022,PCB,42,none
411346,02.02.2022,BKT,244.6,29838 LEKE
411421_ks,02.02.2022,BKT,192,none
411237,03.02.2022,Pagese,204.92,none
411343_ks,02.02.2022,Pagese,13,none
411106,04.02.2022,Pagese,413.11,50200 leke
411282_ks,03.02.2022,BKT,442.5,none
411417_ks,03.02.2022,PCB,43.5,none
411758,04.02.2022,Pagese,632.33,77500 leke
4111181,04.02.2022,Pagese,10,1200 LEKE
4111541,04.02.2022,BKT,52.75,6400 LEKE
411853,04.02.2022,BKT,346.48,none
411268,04.02.2022,Pagese,28,3300 leke
411281_ks,04.02.2022,Pagese,8,none
411074,05.02.2022,Pagese,163.72,none
411083,05.02.2022,Pagese,65.8,none
411110,05.02.2022,Pagese,182.16,22300 leke Taku te Dyrrah Sped
411428_ks,05.02.2022,Pagese,172,none
411780_ks,05.02.2022,Pagese,190,none
411660_ks,05.02.2022,Pagese,22,none
4111356_ks,05.02.2022,Pagese,15,none
411268_ks,05.02.2022,Pagese,55.5,none
411268_ks,05.02.2022,Pagese,21.5,none
411854_ks,05.02.2022,Pagese,38,none
411493_ks,05.02.2022,Pagese,16,none
4111335_ks,05.02.2022,Pagese,12,none
4111154_ks,05.02.2022,Pagese,73,none
411271_ks,05.02.2022,Pagese,41,none
411846_ks,05.02.2022,PCB,39.12,none
4111217_ks,05.02.2022,PCB,150.98,none
411575_ks,04.02.2022,BKT,74.4,none
4111021_ks,04.02.2022,BKT,242.76,none
411064,04.02.2022,Pagese,539,65760 leke
411977,07.02.2022,Pagese,318,none
4111180,07.02.2022,Pagese,23,2800 leke
411221,08.02.2022,BKT,186.17,22700 LEKE
4111671,08.02.2022,BKT,442.48,54000 LEKE
411336,08.02.2022,BKT,631.15,77000 LEKE VEA SHPK
411428_ks,07.02.2022,Pagese,76,none
411815_ks,07.02.2022,Pagese,66,none
411016,08.02.2022,Pagese,98.8,12050 LEKE
411868,08.02.2022,BKT,1530.72,186456 LEKE
411106,09.02.2022,Pagese,139.48,17000 leke
411343_ks,08.02.2022,Pagese,89,none
411786_ks,08.02.2022,PCB,59.4,none
4111042_ks,09.02.2022,BKT,51,none
411237,10.02.2022,Pagese,221.31,27000 leke
411248,10.02.2022,Pagese,163.93,20000 leke
411287_ks,10.02.2022,PCB,207,none
411047,10.02.2022,BKT,6.3,768 LEKE
411268_ks,10.02.2022,Kushineta + transp,-67.5,none
4111092,10.02.2022,Pagese,457.8,none
411193,10.02.2022,Pagese,57.38,none
411207,11.02.2022,Pagese,2500,none
411346,11.02.2022,BKT,260.69,31800 LEKE
411323,11.02.2022,Pagese,31.97,3900 LEKE
4111197,11.02.2022,Pagese,75.8,9300 LEKE
4111983,11.02.2022,Pagese,16.84,2200 LEKE
4111799,11.02.2022,Pagese,513.99,62700 LEKE
411177,12.02.2022,Pagese,14.16,1700 leke
411196,12.02.2022,Pagese,316.6,38600 LEKE
4111881,12.02.2022,Pagese,32.79,none
411846_ks,14.02.2022,PCB,91.92,none
411193,14.02.2022,Pagese,81.97,10000 LEKE
411836_ks,12.02.2022,Pagese,81,none
411268_ks,12.02.2022,Pagese,78.5,none
411780_ks,12.02.2022,Pagese,45,none
4111356_ks,12.02.2022,Pagese,82.5,none
411428_ks,12.02.2022,Pagese,19,none
411340_ks,12.02.2022,Pagese,30,none
411271_ks,12.02.2022,Pagese,115.5,none
411327_ks,12.02.2022,Pagese,146.5,none
4111232_ks,12.02.2022,Pagese,54.5,none
411003,14.02.2022,Pagese,29,3500 LEKE
411196,14.02.2022,Pagese,193.83,23600 LEKE
411183,14.02.2022,Pagese,48.7,5900 leke
411291,15.02.2022,Pagese,176.7,21600 leke Taku ne Kukes
4111416_ks,14.02.2022,Pagese,71,none
411268_ks,14.02.2022,Pagese,153.5,none
411428_ks,14.02.2022,Pagese,55.5,none
411836_ks,14.02.2022,Pagese,44,none
4111356_ks,14.02.2022,Pagese,64.5,none
411271_ks,14.02.2022,Pagese,7,none
4111799,16.02.2022,Pagese,384,46800 leke Taku
411377,09.02.2022,Pagese,25.6,3100 Leke
4111416_ks,15.02.2022,Pagese,50,none
411417_ks,16.02.2022,PCB,91.8,none
411306,16.02.2022,BKT,107.12,13056 LEKE
411047,16.02.2022,BKT,37.2,4530 LEKE
411193,16.02.2022,Pagese,40.98,5000 leke
411399,16.02.2022,Pagese,62.73,7600 LEKE
4111797,17.02.2022,Pagese,113.48,13800 LEKE
411106,17.02.2022,Pagese,245.9,none
4111021_ks,17.02.2022,BKT,194.04,none
411375_ks,16.02.2022,Pagese,78,none
411268_ks,16.02.2022,Pagese,30,none
411257,18.02.2022,Pagese,65,none
4111402,18.02.2022,Pagese,392.73,47900 leke
4111265,18.02.2022,Pagese,128.8,15700 leke
411643_ks,18.02.2022,PCB,200,none
4111799,18.02.2022,Pagese,167.4,none
4111463_ks,18.02.2022,Pagese,149,none
411921_ks,18.02.2022,Detyrim,-224,none
411237,21.02.2022,Pagese,122.95,none
411377,19.02.2022,Pagese,116.3,14200 leke
411183,19.02.2022,Pagese,91.9,11200 leke
411196,19.02.2022,Pagese,616.22,75000 leke
411355_ks,19.02.2022,Pagese,7.5,none
411786_ks,21.02.2022,PCB,60.72,none
4111094_ks,21.02.2022,PCB,255,none
411106,22.02.2022,Pagese,106.72,13000 leke
411042,22.02.2022,Pagese,218,26500 leke
4111271,22.02.2022,BKT,327.87,40000 LEKE
4111409,21.02.2022,Pagese,32.8,4000 leke
411417_ks,22.02.2022,PCB,25.5,none
411064,22.02.2022,Pagese,93.67,11400 leke
4111232_ks,21.02.2022,Pagese,37,none
411836_ks,21.02.2022,Pagese,56,none
411780_ks,21.02.2022,Pagese,376,none
411343_ks,21.02.2022,Pagese,52,none
411921_ks,21.02.2022,Pagese,190,none
411268_ks,21.02.2022,Pagese,358,none
411428_ks,21.02.2022,Pagese,80,none
411963_ks,21.02.2022,Pagese,115,none
4111717,22.02.2022,Pagese,25.66,3100 leke
411630_ks,21.02.2022,Pagese,36,none
411854_ks,21.02.2022,Pagese,15,none
4111238,22.02.2022,Pagese,168.2,20500 LEKE
411177,23.02.2022,Pagese,51.72,6300 LEKE
4111958,23.02.2022,Pagese,88.1,10700 LEKE
411439_ks,23.02.2022,BKT,393.72,none
411936_ks,22.02.2022,Pagese,16.5,none
411291_ks,22.02.2022,Pagese,6,none
4111263,23.02.2022,BKT,261.84,31900 LEKE
4111024,23.02.2022,BKT,213.12,26000 LEKE
411207,23.02.2022,Pagese,250,250 EURO ME GENCIN
411074,23.02.2022,Pagese,122.3,none
411237,24.02.2022,Pagese,204.92,none
4111454_ks,23.02.2022,Pagese,40.5,none
411734,24.02.2022,Pagese,244.8,29900 leke
4111181,24.02.2022,Pagese,87,none
411193,24.02.2022,Pagese,73.77,9000 LEKE
411493_ks,24.02.2022,PCB,413.1,none
4111906,25.02.2022,Pagese,74.95,9000 LEKE
411064,25.02.2022,Pagese,164.61,20080 leke
411590,25.02.2022,BKT,152.3,none
411177,25.02.2022,Pagese,63.48,7700 LEKE
411287_ks,25.02.2022,PCB,52,none
411675,26.02.2022,BKT,135.84,none
411343_ks,25.02.2022,Pagese,22,none
4111143_ks,25.02.2022,Pagese,48.5,none
411072,26.02.2022,Pagese,248.29,248 EURO
411177,28.02.2022,Pagese,95,11500 leke
411248,26.02.2022,Pagese,86.07,10500 leke
411183,28.02.2022,Pagese,49.6,6000 leke
411861_ks,26.02.2022,Pagese,3,none
411940_ks,26.02.2022,Pagese,15,none
411271_ks,26.02.2022,Pagese,280.5,none
4111454_ks,26.02.2022,Pagese,57.5,none
411836_ks,26.02.2022,Pagese,114,none
411780_ks,26.02.2022,Pagese,148,none
411268_ks,26.02.2022,Pagese,109.5,none
411327_ks,26.02.2022,Pagese,67,none
411660_ks,26.02.2022,Pagese,51,none
411428_ks,26.02.2022,Pagese,60.5,none
411846_ks,28.02.2022,PCB,73.4,none
411836_ks,28.02.2022,BKT,413.6,none
411031,01.03.2022,Pagese,338.1,41200 LEKE
411237,01.03.2022,Pagese,163.93,20000 leke
411041,28.02.2022,Pagese,22.13,2700 leke
411949_ks,28.02.2022,Pagese,15,none
411780_ks,28.02.2022,Pagese,301,none
411428_ks,28.02.2022,Pagese,85,none
411934_ks,28.02.2022,Pagese,39,none
411660_ks,28.02.2022,Pagese,346,none
411340_ks,28.02.2022,Pagese,20,none
411836_ks,28.02.2022,Pagese,22.5,none
4111983,01.03.2022,Pagese,22.95,2800 leke
411013,01.03.2022,Pagese,831.58,831 EURO
411525,01.03.2022,BKT,45.6,5556 LEKE
411863,01.03.2022,BKT,1727.3,210730 LEKE
4111195_ks,01.03.2022,BKT,86.82,none
411654_ks,02.03.2022,BKT,79.8,none
411321,02.03.2022,Pagese,275.4,none
411323,03.03.2022,Pagese,4.1,none
411972_ks,03.03.2022,PCB,716.5,none
411780_ks,01.03.2022,Pagese,87.5,none
4111154_ks,01.03.2022,Pagese,98.5,none
411268_ks,01.03.2022,Pagese,26.5,none
411366_ks,02.03.2022,Pagese,196.5,Taku ne KS
411282_ks,02.03.2022,Pagese,94,none
411074,03.03.2022,Pagese,450,none
411047,03.03.2022,BKT,7.56,924 leke
4111021_ks,03.03.2022,BKT,1059.66,none
411188,04.03.2022,Pagese,459.35,459 euro
411472,04.03.2022,BKT,219.82,26800 LEKE
411193,04.03.2022,Pagese,163.93,20000 LEKE
411921_ks,03.03.2022,Pagese,34,none
411861_ks,03.03.2022,Pagese,25,none
411596_ks,04.03.2022,BKT,612.38,none
411346,04.03.2022,BKT,169.8,20710 LEKE
411868,04.03.2022,BKT,1725.68,210526 LEKE
411853,04.03.2022,BKT,136.04,none
4111799,04.03.2022,Pagese,925.2,113000 leke Taku
411977,05.03.2022,Pagese,244.3,none
411344,05.03.2022,Pagese,6.53,I mori Taku
4111402,05.03.2022,Pagese,178.8,21900 leke
4111409,05.03.2022,Pagese,128.5,Mori Tani me motorr 15800 leke
411271_ks,04.03.2022,Ft. Nr. 988,-47,none
411949_ks,04.03.2022,Ft. Nr. 990,-66,none
411972_ks,04.03.2022,Ft. Nr. 993,-36.96,none
411268_ks,04.03.2022,Ft. Nr. 997,-91,none
4111209_ks,04.03.2022,Ft. Nr. 1002,-140,none
411846_ks,04.03.2022,Ft. Nr. 1003,-69.6,none
411282_ks,04.03.2022,Ft. Nr. 1005,-12.5,none
411777_ks,07.03.2022,PCB,98.88,none
4111823,05.03.2022,Pagese,34.43,4200 LEKE
411934_ks,05.03.2022,Pagese,31,none
411271_ks,05.03.2022,Pagese,47,none
411836_ks,05.03.2022,Pagese,196.5,none
411428_ks,05.03.2022,Pagese,9,none
411854_ks,05.03.2022,Pagese,58,none
4111454_ks,05.03.2022,Pagese,58,none
411421_ks,08.03.2022,BKT,254,none
4111209_ks,08.03.2022,BKT,140,none
411472,08.03.2022,Pagese,88.95,10800 leke
411758,08.03.2022,Pagese,168.98,21000 leke
4111023_ks,07.03.2022,Pagese,29,none
411343_ks,07.03.2022,Pagese,55,none
411323,08.03.2022,Pagese,23.2,2900 leke
4111786,08.03.2022,Pagese,89.4,11300 leke
411248,08.03.2022,Pagese,156.56,none
411106,08.03.2022,Pagese,160,20000 leke
411237,08.03.2022,Pagese,201,25000 leke
4111887,08.03.2022,Pagese,157,160 euro
411846_ks,08.03.2022,PCB,87.6,none
411216,08.03.2022,BKT,107.76,13146 Leke
411014,10.03.2022,Pagese,392.56,38600 leke dhe 75 euro
4111051_ks,09.03.2022,PCB,126,none
411824_ks,10.03.2022,Filtrat FH880,742.5,parapagim 30% BKT
411027,10.03.2022,Pagese,258.1,none
411377,10.03.2022,Pagese,39.36,4900 leke
411106,10.03.2022,Pagese,94.85,12000 leke
411932_ks,11.03.2022,Pagese,65.6,none
411106,11.03.2022,Pagese,80.65,10000 Leke
411207,12.03.2022,Pagese,1500,none
4111154_ks,12.03.2022,Pagese,110.5,none
411780_ks,12.03.2022,Pagese,53,none
411836_ks,12.03.2022,Pagese,288.5,none
411268_ks,12.03.2022,Pagese,153.5,none
411340_ks,12.03.2022,Pagese,16.5,none
411271_ks,12.03.2022,Pagese,28.5,none
411399,14.03.2022,Pagese,95.2,11800 LEKE
411106,15.03.2022,Pagese,70.96,9000 LEKE
4111799,15.03.2022,Pagese,330.65,410000 leke
411291,14.03.2022,Pagese,104.8,13000 leke
4111901,15.03.2022,Pagese,19.44,none
411861_ks,14.03.2022,Pagese,5.5,none
411634_ks,16.03.2022,PCB,94.88,none
411237,16.03.2022,Pagese,162.6,20000 leke
4111734,16.03.2022,Pagese,16,2000 leke
4111271,16.03.2022,BKT,384.55,47269.46 leke
411932_ks,15.03.2022,Pagese,3,none
411846_ks,15.03.2022,PCB,57.48,none
411395_ks,15.03.2022,PCB,16.87,none
411110,16.03.2022,Pagese,307.52,37500 LEKE
4111068,16.03.2022,Pagese,134.2,none
411083,16.03.2022,Pagese,52.6,none
411050,16.03.2022,Pagese,52.9,50 EURO + 300 LEKE
411248,16.03.2022,Pagese,211.38,26000 leke
411780_ks,16.03.2022,PCB,549.1,none
4111567,16.03.2022,Pagese,39.02,none
4111671,16.03.2022,BKT,471.63,none
411177,17.03.2022,Pagese,25.2,3000 leke
411671_ks,18.03.2022,BKT,70.88,none
411321,17.03.2022,Pagese,356.6,44200 LEKE
411106,17.03.2022,Transp.,-20,none
411268_ks,18.03.2022,Dhembet + transp,-123,none
411282_ks,17.03.2022,Pagese,12.5,none
411605,18.03.2022,BKT,216.77,none
411932_ks,18.03.2022,BKT,34,4200 leke
411780_ks,19.03.2022,Pagese,207,none
4111639_ks,19.03.2022,Pagese,31,none
4111276_ks,19.03.2022,Pagese,320,none
411428_ks,19.03.2022,Pagese,7.5,none
411272_ks,19.03.2022,Pagese,20.5,none
411836_ks,19.03.2022,Pagese,89,none
411854_ks,19.03.2022,Pagese,77,none
411934_ks,19.03.2022,Pagese,15.5,none
411271_ks,19.03.2022,Pagese,43.5,none
411327_ks,19.03.2022,Pagese,179,none
411268_ks,19.03.2022,Pagese,224,none
4111454_ks,19.03.2022,Pagese,33.5,none
411660_ks,19.03.2022,Pagese,315,none
411336,21.03.2022,Pagese,627.64,28000 leke + 400 euro
411183,21.03.2022,Pagese,145.8,17900 leke
411193,21.03.2022,Pagese,56.91,none
411106,21.03.2022,Pagese,81.4,10000 leke
411892_ks,21.03.2022,Pagese,116.5,none
411196,22.03.2022,Pagese,81.3,10000 leke
411660,22.03.2022,Pagese,1000,none
411463,22.03.2022,Pagese,105.4,13000 leke
411846_ks,22.03.2022,PCB,32.64,none
411329,23.03.2022,Pagese,114.32,14000 leke
411783_ks,23.03.2022,PCB,10.68,none
411248,23.03.2022,Pagese,243.9,30000 leke
411064,23.03.2022,Pagese,125,15380 LEKE
4111863,24.03.2022,Pagese,60.35,7400 leke
411074,24.03.2022,Pagese,188.46,160 euro + 3500 leke
411846_ks,23.03.2022,BKT,29.77,none
411525_ks,25.03.2022,PCB,862.53,none
4111092,25.03.2022,BKT,80.8,9938 leke
411734,24.03.2022,Pagese,170.8,none
411413,25.03.2022,E ktheu,9.6,none
411590,25.03.2022,BKT,508.6,none
411375_ks,08.03.2022,Pagese,56,none
411014,25.03.2022,Pagese,164.9,20300 leke
411237,25.03.2022,Pagese,162.6,20000 leke
411590,25.03.2022,BKT,91.9,11304 leke
411106,25.03.2022,Pagese,190.56,23400 leke
411172,25.03.2022,Pagese,30,3700 leke
411268_ks,25.03.2022,Pagese,544.5,none
411836_ks,25.03.2022,Pagese,187.5,none
411854_ks,25.03.2022,Pagese,14.5,none
4111579_ks,25.03.2022,Pagese,72.5,none
4111454_ks,25.03.2022,Pagese,167.5,none
411780_ks,25.03.2022,Pagese,257.5,none
411934_ks,25.03.2022,Pagese,7.5,none
4111154_ks,25.03.2022,Pagese,162.5,none
4111639_ks,25.03.2022,Pagese,184,none
4111232_ks,25.03.2022,Pagese,127.5,none
4111590_ks,25.03.2022,Pagese,47.5,none
4111335_ks,25.03.2022,Pagese,13,none
411660_ks,25.03.2022,Pagese,80,none
4111356_ks,25.03.2022,Pagese,138.5,none
4111636_ks,25.03.2022,Pagese,34,none
4111276_ks,25.03.2022,Pagese,66,none
4111644_ks,25.03.2022,Pagese,110,none
411949_ks,25.03.2022,Pagese,66,none
411428_ks,25.03.2022,Pagese,14,none
411377,26.03.2022,Pagese,78.45,9700 leke
4111197,26.03.2022,Pagese,16.26,none
411150,28.03.2022,Pagese,166.6,20400 leke
411846_ks,28.03.2022,PCB,18.4,none
411183,28.03.2022,Pagese,199.3,24500 leke
411631,28.03.2022,Pagese,116.04,14300 leke
411196,26.03.2022,Pagese,121.95,15000 leke
411868,26.03.2022,Pagese,657.32,none
411355_ks,26.03.2022,Pagese,64.5,none
411271_ks,26.03.2022,Pagese,191,none
411375_ks,26.03.2022,Pagese,192,none
411934_ks,26.03.2022,Pagese,27,none
411836_ks,26.03.2022,Pagese,39.5,none
411268_ks,26.03.2022,Pagese,141,none
411380_ks,28.03.2022,Pagese,20,none
411346,28.03.2022,Pagese,77.8,none
411532,30.03.2022,Pagese,456.33,56000 LEKE
411503,29.03.2022,BKT,113,13900 leke
411177,29.03.2022,Pagese,79.68,9700 leke
411248,29.03.2022,Pagese,317.07,none
4111197,30.03.2022,Pagese,34.29,4200 LEKE
411207,30.03.2022,Pagese,2700,none
411237,31.03.2022,Pagese,162.6,20000 leke
411150,30.03.2022,Pagese,188,23000 LEKE
411654_ks,30.03.2022,BKT,32.4,none
411502_ks,30.03.2022,Pagese,38,none
4111051_ks,30.03.2022,Pagese,45.5,none
4111217_ks,31.03.2022,PCB,38.4,none
4111021_ks,31.03.2022,BKT,230.76,none
4111024,31.03.2022,BKT,176.28,21500 Leke
4111263,31.03.2022,BKT,156.14,19200 Leke
411824_ks,31.03.2022,PCB,1732.5,none
411905_ks,31.03.2022,BKT,215.92,none
4111590_ks,31.03.2022,Pagese,225.5,none
411836_ks,31.03.2022,Pagese,592.5,none
4111232_ks,31.03.2022,Pagese,58.5,none
411660_ks,31.03.2022,Pagese,115,none
411039_ks,31.03.2022,Pagese,1576,none
411780_ks,31.03.2022,Pagese,690,none
411854_ks,31.03.2022,Pagese,73.5,none
411493_ks,31.03.2022,Pagese,190,none
411528_ks,31.03.2022,Pagese,34,none
4111154_ks,31.03.2022,Pagese,114,none
411428_ks,31.03.2022,Pagese,57.5,none
4111463_ks,31.03.2022,Pagese,171,none
411013,01.04.2022,Pagese,778.27,none
411248,01.04.2022,Pagese,277.03,34350 leke
411193,01.04.2022,Pagese,28.46,none
4111238,01.04.2022,Pagese,58.5,7200 LEKE
4111799,02.04.2022,Pagese,393.89,170 euro + 27500 leke
411106,02.04.2022,Pagese,41.2,5000 LEKE
411417_ks,02.04.2022,PCB,99.6,none
411671_ks,02.04.2022,BKT,410,none
411675,02.04.2022,BKT,55.9,6870 leke
411863,04.04.2022,BKT,2016.08,250026 LEKE
4111734,04.04.2022,Pagese,90.9,11000 leke
411074,04.04.2022,Pagese,90,none
411074,04.04.2022,Pagese,24.59,3000 LEKE
411271_ks,02.04.2022,Pagese,53,none
411780_ks,02.04.2022,Pagese,668,none
411083,04.04.2022,Pagese,230.7,none
4111276_ks,04.04.2022,Pagese,65,none
411268_ks,04.04.2022,Pagese,75,none
411428_ks,04.04.2022,Pagese,16,none
411836_ks,04.04.2022,Pagese,17.5,none
4111414,04.04.2022,Parapagim,500,Filtrat nga Filsan (12 * 138 = 1656 euro)
411106,05.04.2022,Pagese,97.04,none
4111197,04.04.2022,Pagese,84.72,10400 leke
4111797,04.04.2022,BKT,103.6,17200 LEKE
411216,04.04.2022,Pagese BKT,151.06,18429 leke
411221,04.04.2022,Pagese BKT,164.9,20400 LEKE
411853,05.04.2022,BKT,391,none
411237,05.04.2022,Pagese,81.97,none
4111195_ks,05.04.2022,PCB,46.2,none
411439_ks,05.04.2022,BKT,81.96,none
411188,05.04.2022,Pagese,450,none
4111271,05.04.2022,BKT,157.65,19408 leke
4111823,05.04.2022,BKT,161.85,20000 leke
411963_ks,04.04.2022,Pagese,31,none
411391_ks,04.04.2022,Pagese,126,none
411210,05.04.2022,Pagese,85.8,none
411977,05.04.2022,Pagese,500,none
411027,05.04.2022,Pagese,232.9,none
4111265,06.04.2022,Pagese,234.3,28800 LEKE
4111983,06.04.2022,Pagese,6.3,800 leke
411321,07.04.2022,Pagese,355,436200 leke
411177,07.04.2022,Pagese,78.32,9500 leke
4111853,07.04.2022,Pagese,32.79,4000 leke
411747,06.04.2022,BKT,808.2,98600 leke
411972_ks,06.04.2022,PCB,385.06,none
411106,07.04.2022,Pagese,63.7,7800 leke
411343_ks,06.04.2022,Pagese,86.5,none
4111648_ks,06.04.2022,Pagese,916.5,none
4111232_ks,06.04.2022,Pagese,34,none
411780_ks,06.04.2022,Pagese,47.5,none
4111454_ks,06.04.2022,Pagese,53,none
411268_ks,06.04.2022,Pagese,67,none
411836_ks,06.04.2022,Pagese,77,none
411271_ks,06.04.2022,Pagese,91,none
411340_ks,06.04.2022,Pagese,93,none
411868,07.04.2022,BKT,761.86,93877 leke
4111238,07.04.2022,Pagese,49.1,6000 leke
411237,08.04.2022,Pagese,122.95,none
411248,07.04.2022,Pagese,103.28,none
4111671,08.04.2022,BKT,354.92,43746 leke
411015,08.04.2022,Pagese,130,none
411846_ks,07.04.2022,PCB,89.52,none
411248,08.04.2022,Pagese,183.2,none
411780_ks,07.04.2022,Pagese,34,none
411660_ks,07.04.2022,Pagese,227,none
411366_ks,07.04.2022,Pagese,31,none
411268_ks,07.04.2022,Pagese,64.5,none
4111454_ks,07.04.2022,Pagese,17,none
411340_ks,07.04.2022,Pagese,10,none
4111639_ks,07.04.2022,Pagese,59.5,none
4111541,08.04.2022,BKT,391.46,48200 leke
4111736,08.04.2022,Pagese,7.9,970 leke
4111180,08.04.2022,Pagese,10.7,1300 leke
411193,08.04.2022,Pagese,81.97,10000 leke
411257,08.04.2022,Pagese,168,none
411166,09.04.2022,Pagese,130.6,16000 leke
411031,09.04.2022,Pagese,561.9,69000 LEKE
4111901,11.04.2022,Pagese,338.8,41500 LEKE
411183,11.04.2022,Pagese,81.7,10000 LEKE
4111402,11.04.2022,Pagese,437.3,53500 leke
411314,11.04.2022,Pagese,206.9,25000 leke
411780_ks,09.04.2022,Pagese,533.5,none
411428_ks,09.04.2022,Pagese,161.5,none
411268_ks,09.04.2022,Pagese,127.5,none
411836_ks,09.04.2022,Pagese,36,none
4111590_ks,09.04.2022,Pagese,86.5,none
411854_ks,09.04.2022,Pagese,27.5,none
4111154_ks,09.04.2022,Pagese,21.5,none
4111276_ks,09.04.2022,Pagese,84,none
411327_ks,09.04.2022,Pagese,159.5,none
411106,11.04.2022,Pagese,300,none
411106,11.04.2022,Pompa e bicikletes,-26.32,none
411248,11.04.2022,Pagese,29.51,none
411444_ks,11.04.2022,Pagese,46.5,none
4111824,11.04.2022,Pagese,50.4,none
411110,11.04.2022,BKT,136.8,16700 LEKE
411248,12.04.2022,Pagese,340,41480 leke
4111024,12.04.2022,BKT,420.31,51310 leke
411237,13.04.2022,Pagese,81.97,none
411193,13.04.2022,Pagese,81.97,10000 LEKE
4111463_ks,12.04.2022,Pagese,171.5,none
411336,13.04.2022,Pagese,800,none
411227,14.04.2022,Pagese,24.85,3000 leke
411428_ks,13.04.2022,Pagese,43,none
411268_ks,13.04.2022,Pagese,22,none
4111021_ks,13.04.2022,Pagese,6,none
411340_ks,13.04.2022,Pagese,50,none
411934_ks,13.04.2022,Pagese,49,none
4111356_ks,13.04.2022,Pagese,60,none
4111232_ks,13.04.2022,Pagese,58,none
4111320_ks,13.04.2022,Pagese,234.5,none
4111590_ks,13.04.2022,Pagese,111.5,none
4111011_ks,13.04.2022,Pagese,48.5,none
4111624_ks,13.04.2022,Pagese,39,none
411780_ks,13.04.2022,Pagese,142,none
411377,14.04.2022,Pagese,28.5,3500 leke
411248,14.04.2022,Pagese,183.6,none
411237,14.04.2022,Pagese,81.97,none
411314,15.04.2022,Pagese,166.8,20200 leke
411216,16.04.2022,Pagese,146.66,18078.24 leke
411196,15.04.2022,Pagese,497.7,61000 leke
411177,15.04.2022,Pagese,45.96,5600 leke
411846_ks,15.04.2022,PCB,79,none
411675,15.04.2022,BKT,203.76,24850 leke
4111154_ks,14.04.2022,Pagese,12,none
4111276_ks,14.04.2022,Pagese,36,none
4111232_ks,14.04.2022,Pagese,68.5,none
4111454_ks,14.04.2022,Pagese,24.5,none
411391_ks,15.04.2022,Pagese,34,none
4111012_ks,15.04.2022,Pagese,74,none
411375,16.04.2022,Pagese,125,none
411221,16.04.2022,Pagese,57.38,7000 leke
411268_ks,18.04.2022,Hydropower,-235,Ja nisem per Kukes
411286_ks,16.04.2022,Pagese,52,none
411340_ks,16.04.2022,Pagese,95.5,none
411428_ks,16.04.2022,Pagese,17,none
411780_ks,16.04.2022,Pagese,76.5,none
411327_ks,16.04.2022,Pagese,62,none
4111276_ks,16.04.2022,Pagese,37,none
411854_ks,16.04.2022,Pagese,20,none
4111579_ks,16.04.2022,Pagese,82.5,none
411268_ks,16.04.2022,Pagese,96.5,none
411150,16.04.2022,Pagese,104.6,none
411472,18.04.2022,Pagese,46.4,5700 leke
411014,18.04.2022,Pagese,312.05,38200 leke
411106,19.04.2022,Pagese,65.57,8000 leke
411237,19.04.2022,pagese,122.95,none
411846_ks,19.04.2022,PCB,95.16,none
411248,19.04.2022,Pagese,106.39,none
4111271,19.04.2022,BKT,898.4,109613 leke
411375_ks,18.04.2022,Pagese,235,none
411268_ks,18.04.2022,Pagese,235,I mori Taku
411285_ks,19.04.2022,Pagese,250,none
411041,19.04.2022,Pagese,15,none
411291,20.04.2022,Pagese,81.97,10000 LEKE
4111799,20.04.2022,Pagese,408,405 euro + 400 leke
411734,20.04.2022,Pagese,276.36,33700 LEKE
4111734,21.04.2022,Pagese,22.2,2700 leke
411282_ks,20.04.2022,BKT,488.5,none
411671_ks,20.04.2022,BKT,367.6,none
411346,20.04.2022,BKT,205.8,25070 LEKE
411836_ks,20.04.2022,Pagese,19,none
411934_ks,20.04.2022,Pagese,34,none
411343_ks,20.04.2022,Pagese,135,none
411780_ks,20.04.2022,Pagese,58,none
411268_ks,20.04.2022,Pagese,57,none
411340_ks,20.04.2022,Pagese,73,none
411428_ks,20.04.2022,Pagese,55,none
4111454_ks,20.04.2022,Pagese,47,none
411854_ks,20.04.2022,Pagese,19,none
411815_ks,20.04.2022,Pagese,12,none
4111356_ks,20.04.2022,Pagese,10.5,none
411271_ks,20.04.2022,Pagese,129,none
411327_ks,20.04.2022,Pagese,8,none
411074,21.04.2022,Pagese,200,none
4111797,21.04.2022,Pagese,50.7,6200 leke
411106,21.04.2022,Pagese,65.57,8000 leke
411311,22.04.2022,Pagese,487.06,59000 leke
411780_ks,21.04.2022,Pagese,50.5,none
4111154_ks,21.04.2022,pagese,81,none
4111232_ks,21.04.2022,pagese,103.5,none
411905_ks,21.04.2022,BKT,30,none
411106,22.04.2022,Pagese,65.12,8000 leke
4111021_ks,23.04.2022,BKT,32.64,none
411237,24.04.2022,Pagese,81.97,10000 leke
411780_ks,23.04.2022,Pagese,824,none
411780_ks,23.04.2022,Pagese,232.5,none
4111644_ks,23.04.2022,Pagese,66,none
411268_ks,23.04.2022,Pagese,54,none
411934_ks,23.04.2022,Pagese,29,none
411882_ks,23.04.2022,Pagese,120,none
4111648_ks,23.04.2022,Pagese,62,none
411836_ks,23.04.2022,Pagese,36,none
411183,25.04.2022,Pagese,134.8,16400 LEKE
411207,25.04.2022,Pagese,2000,none
411433,26.04.2022,Pagese,156.46,none
411634_ks,26.04.2022,PCB,123.48,none
411064,26.04.2022,Pagese,32.79,4000 leke
411248,26.04.2022,Pagese,58.2,7100 leke
411407_ks,26.04.2022,BKT,91.58,pagoi 96.58 (+5 euro filter panairi)
411923_ks,26.04.2022,Pagese,21,none
411380_ks,26.04.2022,Pagese,18,none
4111263,27.04.2022,BKT,35.52,4332 leke
411106,26.04.2022,Pagese,73.44,8900 leke
411248,28.04.2022,Pagese,81.97,10000 leke
411110,27.04.2022,BKT,66.48,8100 LEKE
411954,27.04.2022,Pagese,27.44,3300 leke
411780_ks,27.04.2022,Pagese,54,none
411271_ks,27.04.2022,Pagese,270,none
4111590_ks,27.04.2022,Pagese,24,none
411660_ks,27.04.2022,Pagese,676.5,none
4111276_ks,27.04.2022,Pagese,238,none
4111232_ks,27.04.2022,Pagese,78,none
411934_ks,27.04.2022,Pagese,84,none
411528_ks,27.04.2022,Pagese,15,none
411836_ks,27.04.2022,Pagese,204.5,none
411882_ks,27.04.2022,Pagese,19,none
411340_ks,27.04.2022,Pagese,74,none
411428_ks,27.04.2022,Pagese,42.5,none
411462_ks,27.04.2022,Pagese,31,none
411786_ks,28.04.2022,PCB,459.6,none
411047,28.04.2022,BKT,8.16,996 leke
411590,28.04.2022,BKT,309.8,37680 leke
411395_ks,28.04.2022,PCB,595.5,none
411780_ks,28.04.2022,Pagese,186,none
411936_ks,28.04.2022,Pagese,13,none
4111276_ks,28.04.2022,Pagese,104,none
411660_ks,28.04.2022,Pagese,53,none
411934_ks,28.04.2022,Pagese,23,none
4111154_ks,28.04.2022,Pagese,15.5,none
4111579_ks,28.04.2022,Pagese,26,none
411329,30.04.2022,Pagese,84.16,10400 leke
411634_ks,30.04.2022,PCB,621.12,none
411013,30.04.2022,Pagese,500.5,none
411014,30.04.2022,Pagese,242.8,29600 leke Taku ne Kukes
411340_ks,30.04.2022,Pagese,28,none
4111012_ks,30.04.2022,Pagese,47,none
411780_ks,30.04.2022,Pagese,421.5,none
4111276_ks,30.04.2022,Pagese,47,none
4111154_ks,30.04.2022,Pagese,20,none
411854_ks,30.04.2022,Pagese,14.5,none
411016,03.05.2022,Pagese,279.1,34000 leke
411313_ks,29.04.2022,BKT,66.48,none
4111734,03.05.2022,Pagese,35.2,4400 LEKE
411248,03.05.2022,Pagese,61.48,none
411188,04.05.2022,Pagese,465.74,465 euro + 100 leke
411868,04.05.2022,BKT,933.12,113834 leke
411106,04.05.2022,Pagese,183.4,22400 LEKE
4111152_ks,04.05.2022,Pagese,20,none
411463,04.05.2022,Pagese,201.96,24600 leke
411660,04.05.2022,Pagese,700,700 euro
4111463_ks,04.05.2022,BKT,421.8,none
4111195_ks,04.05.2022,BKT,11.5,none
4111786,04.05.2022,Pagese,32.79,4000 leke
411853,05.05.2022,BKT,448.3,none
4111465_ks,04.05.2022,Pagese,-118.6,Kthim krediti
411439_ks,05.05.2022,BKT,299.44,none
411863,05.05.2022,BKT,1960.59,23090 leke
411064,05.05.2022,Pagese,171.71,20900 leke
411237,06.05.2022,Pagese,204.92,none
411041,06.05.2022,Pagese,9.6,none
411377,06.05.2022,Pagese,41.6,5100 leke
411083,06.05.2022,Pagese,51.6,none
411977,06.05.2022,Pagese,291.66,none
4111068,06.05.2022,Pagese,99.7,none
4111653_ks,05.05.2022,Pagese,102,none
4111154_ks,05.05.2022,Pagese,29.5,none
411780_ks,05.05.2022,Pagese,91,none
411634_ks,06.05.2022,PCB,240,none
411452,06.05.2022,BKT,155.12,18930 leke
411525,06.05.2022,BKT,105.39,12810 leke
4111651,06.05.2022,BKT,291.67,35600 LEKE
4111671,06.05.2022,BKT,191.8,23390 LEKE
411340_ks,06.05.2022,PCB,150,none
4111659_ks,06.05.2022,BKT,551.6,none
411248,07.05.2022,Pagese,102.46,none
411782_ks,06.05.2022,Pagese,105,none
411072,07.05.2022,Pagese,92.2,none
4111541,09.05.2022,BKT,81.5,9940 leke
411237,09.05.2022,Pagese,81.97,10000 leke
4111972,09.05.2022,BKT,166.8,20280 leke
411854_ks,07.05.2022,Pagese,53.5,none
411366_ks,07.05.2022,Pagese,35,none
4111232_ks,07.05.2022,Pagese,102.5,none
411780_ks,07.05.2022,Pagese,17,none
4111276_ks,07.05.2022,Pagese,57,none
411417_ks,09.05.2022,PCB,82.64,none
411193,10.05.2022,Pagese,36.89,none
411954,09.05.2022,Pagese,18.03,none
411106,10.05.2022,Pagese,139.34,17000 leke
411285_ks,09.05.2022,Pagese,306.5,none
4111402,10.05.2022,Pagese,470.1,57300 leke
411972_ks,10.05.2022,PCB,97.68,none
4111306_ks,10.05.2022,BKT,231.6,none
411596_ks,10.05.2022,BKT,126,none
411346,10.05.2022,BKT,78.4,9560 LEKE
411015,10.05.2022,Pagese,54.53,none
411336,10.05.2022,BKT,300.21,17060 leke + 19565 leke
4111092,10.05.2022,Pagese,144,17600 leke
411064,10.05.2022,Pagese,40.98,5000 leke
411846_ks,11.05.2022,PCB,174.18,none
411939,11.05.2022,Pagese,15.53,1900 LEKE
411047,11.05.2022,BKT,17.16,2100 leke
411954,11.05.2022,Pagese,21.97,2700 leke
411237,11.05.2022,Pagese,122.95,15000 leke
411106,10.05.2022,Pagese,64.1,7800 leke
411014,12.05.2022,Pagese,115.57,14100 leke
411031,12.05.2022,Pagese,395.62,48300 leke
411193,12.05.2022,Pagese,24.59,3000 LEKE
4111906,12.05.2022,Pagese,148.86,18000 leke
411268_ks,11.05.2022,Pagese,230,none
411836_ks,11.05.2022,Pagese,87,none
411271_ks,11.05.2022,Pagese,57,none
411854_ks,11.05.2022,Pagese,33,none
411428_ks,11.05.2022,Pagese,101.5,none
411525_ks,11.05.2022,Pagese,44,none
411340_ks,11.05.2022,Pagese,37,none
411660_ks,11.05.2022,Pagese,775,none
411193,12.05.2022,Pagese,32.79,4000 leke
411196,12.05.2022,Pagese,327.87,40000 leke
411066,12.05.2022,Pagese,150,none
4111799,12.05.2022,Pagese,334.6,34800 Leke plus 50 euro (Taku)
411605,12.05.2022,BKT,335.51,40900 leke
411366_ks,12.05.2022,Pagese,30,I mori Taku
411499_ks,11.05.2022,BKT,62,none
411193,13.05.2022,Pagese,20.49,2500 leke
411428_ks,12.05.2022,Pagese,140.3,none
411268_ks,12.05.2022,Pagese,66.6,none
411836_ks,12.05.2022,Pagese,165,none
411216,12.05.2022,BKT,492.88,none
4111195_ks,13.05.2022,BKT,80.84,none
4111271,13.05.2022,BKT,316.27,38600 leke
4111414,13.05.2022,Pagese,1156,none
411018,14.05.2022,Pagese,8.4,1000 leke
411786_ks,14.05.2022,PCB,25.56,none
411237,14.05.2022,Pagese,81.97,10000 leke
411237,16.05.2022,Pagese,81.97,10000 leke
4111197,16.05.2022,Pagese,51.64,6300 leke
411395_ks,16.05.2022,PCB,84.9,none
411493_ks,16.05.2022,PCB,389,none
4111021_ks,16.05.2022,BKT,499.88,none
411421_ks,16.05.2022,BKT,343.92,none
411047,16.05.2022,BKT,40.8,4980 LEKE
411106,13.05.2022,Pagese,67.36,8200 leke
411291_ks,13.05.2022,Pagese,2,none
411782_ks,13.05.2022,Pagese,47,none
411428_ks,14.05.2022,Pagese,67,none
411271_ks,14.05.2022,Pagese,655.8,none
411780_ks,14.05.2022,Pagese,107.5,none
411268_ks,14.05.2022,Pagese,30,none
411836_ks,14.05.2022,Pagese,89.8,none
4111786,14.05.2022,Pagese,129.81,15700 leke
411248,16.05.2022,Pagese,81.97,none
411321,16.05.2022,Pagese,200.47,24500 leke
411106,17.05.2022,Pagese,155.76,19000 leke
4111238,17.05.2022,Pagese,189.9,23200 leke
411777_ks,17.05.2022,Pagese,165.02,none
4111311_ks,17.05.2022,BKT,64.8,none
411399,17.05.2022,Pagese,54.21,6600 leke
411287_ks,18.05.2022,PCB,120.8,none
411268_ks,16.05.2022,Pagese,135,none
411248,18.05.2022,Pagese,106.56,none
411074,08.05.2022,Pagese,96.72,none
411660_ks,19.05.2022,PCB,896.25,none
411177,19.05.2022,Pagese,11.76,1400 leke
411207,20.05.2022,Pagese,3500,none
411472,19.05.2022,Pagese,82.64,10000 leke
4111888,19.05.2022,Pagese,20.66,2500 leke
411193,19.05.2022,Pagese,16.39,2000 leke
411248,20.05.2022,Pagese,173.55,21000 leke
411343_ks,20.05.2022,Pagese,102,none
411780_ks,20.05.2022,Pagese,230.02,none
411836_ks,20.05.2022,Pagese,224.2,none
411268_ks,20.05.2022,Pagese,147.3,none
411271_ks,20.05.2022,Pagese,425.45,none
4111602_ks,20.05.2022,Pagese,13.6,none
4111232_ks,20.05.2022,Pagese,92.9,none
411340_ks,20.05.2022,Pagese,33.08,none
411934_ks,20.05.2022,Pagese,25.8,none
411428_ks,20.05.2022,Pagese,51.25,none
411375_ks,20.05.2022,Pagese,56.1,none
411882_ks,20.05.2022,Pagese,68.52,none
411064,20.05.2022,Pagese,72.81,8800 leke
411446,20.05.2022,Pagese,77.5,9400 leke
411196,20.05.2022,Pagese,765.91,150 euro + 75000 leke
411872_ks,21.05.2022,BKT,114,none
411377,21.05.2022,Pagese,53.64,6500 leke
411734,23.05.2022,Pagese,208.08,25400 leke
4111901,23.05.2022,Pagese,116.13,14200 leke
411408,23.05.2022,Pagese,12.3,1500 leke
4112030,23.05.2022,BKT,795,95700 LEKE
4111154_ks,21.05.2022,Pagese,214.9,none
411268_ks,21.05.2022,Pagese,59.7,none
411780_ks,21.05.2022,Pagese,329.5,none
411428_ks,21.05.2022,Pagese,91,none
411836_ks,21.05.2022,Pagese,87,none
4111662_ks,21.05.2022,Pagese,38.4,none
4111232_ks,21.05.2022,Pagese,72.9,none
4111356_ks,21.05.2022,Pagese,50,none
411271_ks,21.05.2022,Pagese,34,none
4112006,23.05.2022,Pagese,35,none
4111651,23.05.2022,Pagese,214.4,26400 LEKE
411106,24.05.2022,Pagese,64.04,7700 leke
411183,24.05.2022,Pagese,165.29,20000 leke
411439_ks,24.05.2022,BKT,65,none
411596_ks,24.05.2022,BKT,176.12,none
411346,24.05.2022,BKT,94.67,11450 leke
4111734,24.05.2022,BKT,445.6,54300 leke
411011,24.05.2022,Pagese,64.31,none
411193,24.05.2022,Pagese,90.91,11000 LEKE
411280_ks,23.05.2022,Pagese,37.96,none
4111051_ks,24.05.2022,Pagese,40,none
411836_ks,25.05.2022,Pagese,162.6,none
411780_ks,25.05.2022,Pagese,162.4,none
411428_ks,25.05.2022,Pagese,58.7,none
4111356_ks,25.05.2022,Pagese,50,none
411268_ks,25.05.2022,Pagese,101.7,none
411039_ks,25.05.2022,Pagese,897,none
411630_ks,25.05.2022,Pagese,145,none
4111454_ks,25.05.2022,Pagese,177.5,none
4111012_ks,25.05.2022,Pagese,20,none
411340_ks,25.05.2022,Pagese,32.5,none
411836_ks,26.05.2022,Pagese,64,none
411216_ks,25.05.2022,PCB,134.4,none
4111195_ks,25.05.2022,BKT,112.6,none
4111572_ks,27.05.2022,PCB,149.6,none
411493_ks,27.05.2022,PCB,290,none
411216_ks,27.05.2022,PCB,61.44,none
4111799,28.05.2022,Pagese,1076.23,1050 euro + 3200 leke
411932_ks,26.05.2022,BKT,90,none
411150,28.05.2022,Pagese,163.9,19900 leke
411291,30.05.2022,Pagese,376.13,45500 leke Taku ne kukes
411248,28.05.2022,Pagese,220.17,26640 leke
4111717,28.05.2022,Pagese,49.63,6100 leke
4111789,28.05.2022,Pagese,67.44,8200 leke
4111238,28.05.2022,Pagese,266.64,32200 leke
411106,25.05.2022,Pagese,69.82,8400 leke
411106,30.05.2022,Pagese,149.11,18000 leke
411407_ks,30.05.2022,BKT,58.37,none
4111356_ks,28.05.2022,Pagese,163.8,none
4111276_ks,28.05.2022,Pagese,100,none
411836_ks,28.05.2022,Pagese,267.9,none
411780_ks,28.05.2022,Pagese,90,none
411428_ks,28.05.2022,Pagese,146,none
411183,30.05.2022,Pagese,23.61,2900 LEKE
411472,25.05.2022,Pagese,5.96,700 leke
411042,31.05.2022,Pagese,102.65,12700 leke
411647,30.05.2022,Pagese,84.5,10220 leke
411253,31.05.2022,Pagese,105.6,12800 LEKE
411377,31.05.2022,Pagese,25.3,3000 leke
411590,31.05.2022,BKT,281,34228 LEKE
411211,31.05.2022,BKT,654.56,79000 LEKE
411631,31.05.2022,Pagese,40.16,4900 leke
411013,31.05.2022,Pagese,470.65,none
411463,01.06.2022,Pagese,77.12,9300 leke
411559,01.06.2022,Pagese,41.32,5000 leke
411237,01.06.2022,Pagese,165.29,20000 leke
411846_ks,01.06.2022,PCB,11.16,none
411782_ks,31.05.2022,Pagese,296,none
411336,02.06.2022,BKT,607.68,74135 leke
411177,01.06.2022,Pagese,84.36,10200 leke
4111197,01.06.2022,Kredit,0.83,pagoi 100 leke me teper  fat. 3873
411083,02.06.2022,Pagese,30.76,none
411031,01.06.2022,Pagese,308.98,37700 LEKE
4111671,01.06.2022,BKT,500.51,60740 LEKE
411237,03.06.2022,Pagese,41.32,none
411863,03.06.2022,BKT,2206.32,268270 LEKE
4111463_ks,03.06.2022,BKT,303.2,none
411780_ks,02.06.2022,Pagese,352.5,none
4111648_ks,02.06.2022,Pagese,333.5,none
4111253_ks,02.06.2022,Pagese,6,none
411963_ks,02.06.2022,Pagese,43,none
411836_ks,02.06.2022,Pagese,121.5,none
411268_ks,02.06.2022,Pagese,187.9,none
4111154_ks,02.06.2022,Pagese,88,none
4111454_ks,02.06.2022,Pagese,85.5,none
411428_ks,02.06.2022,Pagese,12,none
411550,04.06.2022,Pagese,119.75,14600 leke
411016,04.06.2022,Pagese,191.15,23200 leke
411248,04.06.2022,Pagese,330.58,40000 LEKE
411398_ks,03.06.2022,Pagese,44.5,none
4111797,04.06.2022,Pagese,255.2,31000 leke
411336,06.06.2022,BKT,867,104900 LEKE
411106,06.06.2022,Pagese,77.34,Lik 100 euro  ktheva 2700 leke
411257,06.06.2022,Pagese,455,none
411780_ks,04.06.2022,Pagese,22.5,none
4111232_ks,04.06.2022,Pagese,31,none
411934_ks,04.06.2022,Pagese,40.5,none
411268_ks,04.06.2022,Pagese,83.5,none
4111590_ks,04.06.2022,Pagese,25,none
411525_ks,04.06.2022,Pagese,257,none
411853,06.06.2022,BKT,361.86,none
411314,06.06.2022,Pagese,120.9,14500 LEKE
411050,06.06.2022,Pagese,106.9,none
411074,07.06.2022,Pagese,255.71,31000 leke
411047,06.06.2022,BKT,15.36,1850 leke
411321,06.06.2022,Pagese,464.6,56200 LEKE
411868,07.06.2022,BKT,1304.18,158398 LEKE
411064,07.06.2022,Pagese,54.38,6580 leke
411783_ks,07.06.2022,PCB,50.42,none
411846_ks,07.06.2022,BKT,58.5,none
411237,08.06.2022,Pagese,123.97,15000 leke
411106,08.06.2022,Pagese,82.64,10000 leke
4111395,08.06.2022,BKT,24.64,none
4111271,08.06.2022,BKT,734.92,89153 LEKE
411882_ks,07.06.2022,Pagese,49,none
411196,08.06.2022,Pagese,469.9,57000 leke
4111024,08.06.2022,BKT,144.58,17500 leke
4111024,08.06.2022,BKT,119.48,14600 leke
411106,09.06.2022,Pagese,386.32,46700 LEKE
411237,09.06.2022,Pagese,99.17,none
4111021_ks,09.06.2022,BKT,320.64,none
411248,10.06.2022,Pagese,61.98,7500 LEKE
411110,10.06.2022,Pagese,230.4,25500 LEKE + 20 EURO
4111799,11.06.2022,Pagese,349.29,42000 leke
411005,11.06.2022,Pagese,10,1200 leke
411216,11.06.2022,BKT,480.5,58205 leke
411177,10.06.2022,Pagese,271.41,32800 leke
4112006,10.06.2022,Pagese,127.4,15400 leke
4111186,10.06.2022,PCB,85,none
411439_ks,10.06.2022,BKT,48.24,none
411188,11.06.2022,Blerje Graso Yuko,214.21,none
411575_ks,10.06.2022,Pagese,85,none
411780_ks,10.06.2022,Pagese,645.6,none
411340_ks,10.06.2022,Pagese,18.5,none
4111602_ks,10.06.2022,Pagese,15,none
4111154_ks,10.06.2022,Pagese,63,none
411493_ks,10.06.2022,Pagese,66,none
411528_ks,10.06.2022,Pagese,3,none
411428_ks,10.06.2022,Pagese,86,none
411271_ks,10.06.2022,Pagese,284.5,none
4111276_ks,10.06.2022,Pagese,113,none
4111356_ks,10.06.2022,Pagese,75,none
4111232_ks,10.06.2022,Pagese,80.5,none
411934_ks,10.06.2022,Pagese,80,none
4111454_ks,10.06.2022,Pagese,24,none
411836_ks,10.06.2022,Pagese,132.5,none
4111678_ks,10.06.2022,Pagese,56,none
411268_ks,10.06.2022,Pagese,18,none
411327_ks,10.06.2022,Pagese,219.5,none
411854_ks,10.06.2022,Pagese,43,none
411188,10.06.2022,Pagese,366.95,none
411654,13.06.2022,Pagese,48.2,none
411824,13.06.2022,e fshime,79.88,none
411419_ks,11.06.2022,Pagese,70,none
411193,13.06.2022,Pagese,495.87,60000 leke
411248,13.06.2022,Pagese,90,90 EURO
4111906,13.06.2022,Pagese,79.12,9600 leke (200 leke Mondit)
4111197,14.06.2022,Pagese,161.15,19500 leke
411014,14.06.2022,Pagese,770,Taku ne Kukes
411018,14.06.2022,Pagese,9,1000 leke
411558,14.06.2022,Pagese,83.19,10000 leke
411291,14.06.2022,Pagese,185.5,22400 leke taku ne kukes
411977,14.06.2022,Pagese,651.03,none
411734,14.06.2022,Pagese,197.5,23900 leke
4111402,14.06.2022,Pagese,712.9,86300 leke
411786_ks,14.06.2022,Pagese,78.24,none
411447,14.06.2022,BKT,49.59,6000 LEKE
4111541,15.06.2022,BKT,220.06,26700 leke
411237,15.06.2022,Pagese,82.64,none
411207,15.06.2022,Pagese,3500,none
411150,15.06.2022,Pagese,152,none
411463,15.06.2022,Pagese,91.2,none
411282_ks,13.06.2022,Pagese,110,none
411882_ks,14.06.2022,Pagese,9,none
411221,15.06.2022,BKT,210.88,25600 leke
411525,15.06.2022,BKT,202.72,24730 leke
411660,15.06.2022,Pagese,1000,none
411550,16.06.2022,Pagese,201.08,24300 leke
411106,16.06.2022,Pagese,164.36,none
411452,16.06.2022,BKT,229.92,27800 leke
411419_ks,15.06.2022,Pagese,45.5,none
411660_ks,15.06.2022,Pagese,100.5,none
4111238_ks,15.06.2022,Pagese,24,none
411271_ks,15.06.2022,Pagese,79,none
411780_ks,15.06.2022,Pagese,110,none
4111232_ks,15.06.2022,Pagese,51,none
411340_ks,15.06.2022,Pagese,123,none
411836_ks,15.06.2022,Pagese,34,none
411268_ks,15.06.2022,Pagese,36,none
411905_ks,17.06.2022,BKT,120.95,none
4111651,17.06.2022,BKT,176.1,21300 LEKE
411336,17.06.2022,Pagese,537.19,65000 leke
411377,16.06.2022,Pagese,38.2,4600 leke
411177,17.06.2022,Pagese,114.84,none
411343_ks,17.06.2022,Pagese,26,none
411268_ks,17.06.2022,Pagese,36,none
4111335_ks,17.06.2022,Pagese,12,none
411854_ks,17.06.2022,Pagese,21,none
411340_ks,17.06.2022,Pagese,16,none
411836_ks,17.06.2022,Pagese,103,none
411550_ks,17.06.2022,BKT,332.4,none
4111799,18.06.2022,Pagese,1050,none
411015,18.06.2022,Pagese,143.3,103 euro + 5000 leke
411074,18.06.2022,Pagese,34.9,4200 leke
411932_ks,20.06.2022,BKT,19,2298 leke
411031,20.06.2022,Pagese,581,70000 LEKE
411532,20.06.2022,BKT,423.2,51600 LEKE
411106,21.06.2022,Pagese,116.74,14200 LEKE
411391_ks,20.06.2022,BKT,540,none
4111678_ks,18.06.2022,Pagese,76,none
411780_ks,18.06.2022,Pagese,40.5,none
411836_ks,18.06.2022,Pagese,11,none
411428_ks,18.06.2022,Pagese,50,none
4111232_ks,18.06.2022,Pagese,35,none
411016,21.06.2022,Pagese,174.7,none
411183,22.06.2022,Pagese,144.8,17500 leke
4112006,22.06.2022,Pagese,111.6,13500 leke
411150,22.06.2022,Pagese,150,none
4111011_ks,20.06.2022,Pagese,150,none
4111734,22.06.2022,BKT,41,4960 LEKE
411346,22.06.2022,BKT,58.4,7000 leke
411892_ks,22.06.2022,BKT,33.72,none
411550,22.06.2022,Pagese,31.4,3800 leke
411248,22.06.2022,Pagese,162.81,19700 leke
411377,22.06.2022,Pagese,28.3,3300 leke
411225,23.06.2022,Pagese,484.71,58600 LEKE
411853,23.06.2022,BKT,372.84,none
4111824,23.06.2022,Pagese,108,13000 leke
411836_ks,22.06.2022,Pagese,172.5,none
4111276_ks,22.06.2022,Pagese,77,none
411271_ks,22.06.2022,Pagese,99,none
4111011_ks,22.06.2022,Pagese,113,none
411780_ks,22.06.2022,Pagese,370.5,none
411268_ks,22.06.2022,Pagese,189,none
4111579_ks,22.06.2022,Pagese,61,none
4111471_ks,22.06.2022,Pagese,18,none
411428_ks,22.06.2022,Pagese,16.5,none
411854_ks,22.06.2022,Pagese,30,none
411934_ks,22.06.2022,Pagese,98.5,none
4111253_ks,22.06.2022,Pagese,45,none
4111154_ks,22.06.2022,Pagese,20,none
4111012_ks,22.06.2022,Pagese,43,none
4111789,24.06.2022,Pagese,8.5,1000 leke
411972_ks,24.06.2022,BKT,103.1,none
4111095,24.06.2022,Pagese,200,none
4111068,25.06.2022,Pagese,106.8,none
411257,27.06.2022,Pagese,322.84,none
4111195_ks,24.06.2022,BKT,159.08,none
411675,24.06.2022,BKT,328.32,39700 LEKE
411399,27.06.2022,Pagese,39.04,4700 leke
4111823,27.06.2022,Pagese,46.18,5600 leke
411177,27.06.2022,Pagese,166.78,20200 leke
411780_ks,25.06.2022,Pagese,162.5,none
4111356_ks,25.06.2022,Pagese,68,none
411268_ks,24.06.2022,Pagese,13.5,none
4111276_ks,25.06.2022,Pagese,37,none
411493_ks,25.06.2022,Pagese,111,none
4111154_ks,25.06.2022,Pagese,27.5,none
411836_ks,25.06.2022,Pagese,39,none
411271_ks,25.06.2022,Pagese,74.5,none
4111011_ks,25.06.2022,Pagese,146,none
4111347_ks,27.06.2022,BKT,88.2,none
411872_ks,27.06.2022,BKT,64,none
4111881,28.06.2022,Pagese,-1.64,Ja zbrtem kreditin te fatura e dt 28.06.2022
411417_ks,28.06.2022,PCB,56,none
411106,28.06.2022,Pagese,62.14,7500 LEKE
411237,29.06.2022,Pagese,247.93,30000 leke
411271_ks,27.06.2022,Pagese,51.5,none
411375_ks,28.06.2022,Pagese,226.2,none
411336,29.06.2022,BKT,1112.43,134600 LEKE
411193,28.06.2022,Pagese,57.85,7000 leke
411291,30.06.2022,Pagese,52.3,6300 leke Taku ne Kukes
411177,30.06.2022,Pagese,83.6,10000 leke
411013,30.06.2022,Pagese,626.5,625 euro
411072,01.07.2022,Pagese,278.4,Lik Paulini 278 euro
411106,01.07.2022,Pagese,40.64,4900 leke
4111799,02.07.2022,Pagese,896,850 EURO + 5500 LEKE
4111143_ks,30.06.2022,Pagese,112,none
411268_ks,30.06.2022,Pagese,84.5,none
411854_ks,30.06.2022,Pagese,114.5,none
411780_ks,30.06.2022,Pagese,93.5,none
411836_ks,30.06.2022,Pagese,218.5,none
4111678_ks,30.06.2022,Pagese,92,none
411428_ks,30.06.2022,Pagese,46,none
4111356_ks,30.06.2022,Pagese,22,none
4111276_ks,30.06.2022,Pagese,65,none
411815_ks,30.06.2022,Pagese,46.5,none
4111590_ks,30.06.2022,Pagese,33.5,none
4111362_ks,30.06.2022,Pagese,93,none
4111209_ks,30.06.2022,Pagese,60,none
4111209_ks,30.06.2022,BKT,21,none
411590,02.07.2022,BKT,283.31,34266 LEKE
411675,02.07.2022,BKT,123.36,14800 LEKE
411248,02.07.2022,Pagese,132.23,16000 LEKE
411177,04.07.2022,Pagese,83.24,Lik 15500 leke bashke me fat dt 02.07.2022
411237,02.07.2022,Pagese,166.67,none
411248,04.07.2022,Pagese,41.67,none
411335,02.07.2022,Pagese,152.07,none
411375_ks,02.07.2022,Pagese,104,none
411836_ks,02.07.2022,Pagese,38,none
411271_ks,02.07.2022,Pagese,101,none
411854_ks,02.07.2022,Pagese,48.5,none
411428_ks,02.07.2022,Pagese,10,none
411780_ks,02.07.2022,Pagese,128,none
4111232_ks,02.07.2022,Pagese,57,none
4111678_ks,02.07.2022,Pagese,42,none
411415_ks,04.07.2022,PCB,479.48,none
411634_ks,04.07.2022,PCB,181.32,none
411421_ks,04.07.2022,BKT,216.6,none
411863,04.07.2022,BKT,1308.34,158310 LEKE
411554_ks,04.07.2022,PCB,15.84,none
411106,05.07.2022,Pagese,335.48,PAGOI 320 EURO + 1800 LEKE
4111463_ks,05.07.2022,BKT,403.8,none
411047,05.07.2022,BKT,398.96,47870 LEKE
411248,05.07.2022,Pagese,41.67,5000 LEKE
411905_ks,05.07.2022,PCB,312.84,none
411439_ks,05.07.2022,BKT,61.44,none
411429_ks,05.07.2022,BKT,63.5,none
411027,06.07.2022,Pagese,108.6,13140 leke
4111717,06.07.2022,Pagese,80.11,9700 leke
4111799,06.07.2022,Pagese,395,14400 LEKE + 275 EURO (TAKU)
411853,06.07.2022,BKT,278.64,none
411777_ks,07.07.2022,Pagese,54.72,none
4111271,07.07.2022,BKT,488.9,59050 leke
411271_ks,06.07.2022,Pagese,230.5,none
411525_ks,06.07.2022,Pagese,324,none
4111590_ks,06.07.2022,Pagese,14,none
4111356_ks,06.07.2022,Pagese,78.5,none
411836_ks,06.07.2022,Pagese,170,none
411780_ks,06.07.2022,Pagese,769,none
411882_ks,06.07.2022,Pagese,62.5,none
4111454_ks,06.07.2022,Pagese,147,none
4111232_ks,06.07.2022,Pagese,30,none
411936_ks,06.07.2022,Pagese,19,none
411142,06.07.2022,Pagese,-1.83,Kthim Krediti
411631,07.07.2022,Pagese,77.8,none
4111541,07.07.2022,BKT,146.69,17750 leke
411083,08.07.2022,Pagese,125.17,none
411375,08.07.2022,Pagese,126,15000 LEKE
411216,08.07.2022,BKT,571.05,69065.25 LEKE
411271_ks,07.07.2022,Pagese,426,none
411836_ks,07.07.2022,Pagese,5.5,none
4111356_ks,07.07.2022,Pagese,65,none
411780_ks,07.07.2022,Pagese,28,none
411868,08.07.2022,BKT,1420.59,171821 LEKE
411074,08.07.2022,Pagese,270.78,32500 LEKE
411031,08.07.2022,Pagese,189.8,23000 LEKE
4111671,11.07.2022,BKT,30,3630 LEKE
411377,11.07.2022,Pagese,33.4,u lik bashke me fat dt 11.07.2022. 3900 leke
411188,11.07.2022,Pagese,872.77,872 euro + 100 leke
411321,11.07.2022,Pagese,201.6,24300 leke
411472,11.07.2022,Pagese,64.2,7700 LEKE
411237,12.07.2022,Pagese,125,none
4111901,11.07.2022,Pagese,44,5400 leke
411706_ks,08.07.2022,Pagese,88,none
411836_ks,08.07.2022,Pagese,14,none
4111356_ks,08.07.2022,Pagese,36,none
4111678_ks,08.07.2022,Pagese,60,none
4111232_ks,08.07.2022,Pagese,20.5,none
4111362_ks,08.07.2022,Pagese,12,none
411340_ks,12.07.2022,PCB,58,none
411846_ks,12.07.2022,PCB,25.2,none
411892_ks,12.07.2022,BKT,12.24,none
411343_ks,11.07.2022,Pagese,137,none
411419_ks,11.07.2022,Pagese,28.5,none
4111906,12.07.2022,Pagese,164.96,100 EURO + 8000 LEKE MONDI SHOFERI KO
411232,12.07.2022,Pagese,122.2,none
411472,12.07.2022,Pagese,41,none
411753,12.07.2022,Pagese,9.17,1100 leke
411892_ks,12.07.2022,Kredit,12.24,Paguar 2 here me banke
411605,13.07.2022,Pagese,322.55,none
411237,12.07.2022,Pagese,125,15000 leke
4111690_ks,13.07.2022,PCB,382.56,none
411377,12.07.2022,Kredit,1.67,none
411866_ks,12.07.2022,Pagese,37.5,none
411106,13.07.2022,Pagese,45.7,none
411183,13.07.2022,Pagese,25.2,3000 leke
411977,14.07.2022,Pagese,700,none
411193,14.07.2022,Pagese,208.33,none
411552,13.07.2022,Kredit,184.87,none
411395_ks,14.07.2022,PCB,28,none
4111576,14.07.2022,BKT,400,none
411780_ks,14.07.2022,Pagese,92,none
411268_ks,14.07.2022,Pagese,90,none
4111602_ks,14.07.2022,Pagese,49.5,none
4111590_ks,14.07.2022,Pagese,28,none
411934_ks,14.07.2022,Pagese,60,none
4111639_ks,14.07.2022,Pagese,7.5,none
411836_ks,14.07.2022,Pagese,116.5,none
411207,14.07.2022,Pagese,3000,none
411336,15.07.2022,Pagese,333.33,40000 leke
4111271,15.07.2022,BKT,276.85,33026 leke bkt
411836_ks,14.07.2022,Pagese,13.5,none
411780_ks,14.07.2022,Pagese,95,none
4111799,16.07.2022,Pagese,537,none
411193,16.07.2022,Pagese,122.72,15000 leke
411695_ks,15.07.2022,Pagese,20,none
411590,28.07.2022,BKT,66,7920 leke
411016,18.07.2022,Pagese,55.2,none
4111016_ks,18.07.2022,Pagese,15.5,none
4111197,19.07.2022,Pagese,71.67,none
4111197,22.07.2022,PAGESE,235.29,none
411271_ks,19.07.2022,Pagese,105.5,none
4111263,21.07.2022,Pagese,152.04,none
4111232_ks,18.07.2022,Pagese,50.5,none
4111402,20.07.2022,Pagese,310.6,none
411786_ks,27.07.2022,Pagese,21.6,none
411836_ks,18.07.2022,Pagese,79.5,none
411502_ks,21.07.2022,Pagese,20,none
4111734,21.07.2022,Pagese,60,none
4111356_ks,21.07.2022,Pagese,57,none
411734,21.07.2022,Pagese,181.35,none
4111671,18.07.2022,Pagese,30.5,none
411287_ks,21.07.2022,Pagese,80.8,none
411074,19.07.2022,Pagese,135.1,none
411780_ks,18.07.2022,Pagese,177.5,none
411248,21.07.2022,Pagese,141.35,none
411248,26.07.2022,PAGESE,117.65,none
411193,26.07.2022,Pagese,21.01,none
411193,26.07.2022,Pagese,25.21,none
411377,25.07.2022,Sistemim,-1.67,none
411428_ks,18.07.2022,Pagese,13,none
411659_ks,18.07.2022,Pagese,17.5,none
411039_ks,19.07.2022,PAGESE,1038.5,none
4111639_ks,18.07.2022,Pagese,46.5,none
411237,23.07.2022,Pagese,80.23,none
4111901,22.07.2022,Pagese,90.96,none
411675,27.07.2022,Pagese,55.9,none
411854_ks,21.07.2022,Pagese,18,none
411346,21.07.2022,Pagese,96,none
411035,28.07.2022,BKT,137.81,none
411780_ks,27.07.2022,Pagese,409,none
411268_ks,27.07.2022,Pagese,71,none
4111356_ks,27.07.2022,Pagese,86,none
411493_ks,27.07.2022,Pagese,345,none
4111320_ks,27.07.2022,Pagese,393,none
4111276_ks,27.07.2022,Pagese,155.5,none
411428_ks,27.07.2022,Pagese,60,none
411340_ks,27.07.2022,Pagese,18,none
4111590_ks,27.07.2022,Pagese,21,none
4111579_ks,27.07.2022,Pagese,72,none
411271_ks,27.07.2022,Pagese,104,none
4111648_ks,27.07.2022,Pagese,106,none
411660_ks,27.07.2022,Pagese,120,none
411660,29.07.2022,Pagese,994.73,995 euro me Arditin
411196,28.07.2022,Pagese,122.76,14800 leke
411050,28.07.2022,Pagese,73.3,none
411248,28.07.2022,PAGESE,84.03,none
411248,28.07.2022,PAGESE,70,none
411528,28.07.2022,Pagese,24.36,none
411150,28.07.2022,Pagese,145,none
411550,09.07.2022,Pagese,54.6,none
411336,29.07.2022,Pagese,252.1,30000 leke
411248,30.07.2022,PAGESE,140,none
4111197,30.07.2022,Pagese,136.38,16000 leke
4111799,30.07.2022,Sistemim,0.28,none
411237,30.07.2022,Fa. Nr. 5424,-179.3,none
411237,01.08.2022,Pagese,128.21,15000 leke
411083,01.08.2022,Pagese,307,none
4111068,01.08.2022,Pagese,25.5,none
4111143_ks,01.08.2022,PCB,2880,none
4111454_ks,01.08.2022,Pagese,78,none
411428_ks,01.08.2022,Pagese,62,none
4111356_ks,01.08.2022,Pagese,52.5,none
4111454_ks,01.08.2022,Pagese,14,none
4111590_ks,01.08.2022,Pagese,31,none
411268_ks,01.08.2022,Pagese,56.5,none
411271_ks,01.08.2022,Pagese,160,none
411375_ks,01.08.2022,Pagese,138,none
411106,01.08.2022,Pagese,279.64,33300 leke
411183,01.08.2022,Pagese,48.9,5700 leke
411777_ks,01.08.2022,PCB,130.2,none
411596_ks,01.08.2022,BKT,149.76,none
4111195_ks,01.08.2022,BKT,76.56,none
4111651,01.08.2022,BKT,292.18,34770 leke
411824,01.08.2022,BKT,131.4,15510 leke
4111671,01.08.2022,BKT,465.09,55700 leke
411863,01.08.2022,BKT,1292.1,154156 LEKE
4111797,01.08.2022,BKT,136.8,16500 LEKE
411074,01.08.2022,Pagese,148.3,17700 leke
411327_ks,01.08.2022,Pagese,79,none
4111276_ks,01.08.2022,Pagese,77,none
4111454_ks,01.08.2022,Pagese,8,none
4111463_ks,02.08.2022,PCB,273.36,none
411340_ks,02.08.2022,PCB,59.3,none
411321,02.08.2022,Pagese,299.7,35500 leke
411596_ks,02.08.2022,BKT,66,none
411786_ks,02.08.2022,PCB,459.6,none
411150,02.08.2022,Pagese,100.6,none
411346,02.08.2022,BKT,109.8,12830 leke
4111271,02.08.2022,BKT,322.24,38156 leke
411399,02.08.2022,Pagese,1025.64,120000 leke
411013,03.08.2022,Pagese,383.55,none
4111197,03.08.2022,Pagese,53.85,15300 LEKE  Bashke me fat dt 03.08.2022
411282_ks,03.08.2022,BKT,114,none
4111021_ks,03.08.2022,BKT,211.2,none
4111021_ks,02.08.2022,Pagese,10.08,none
411693,03.08.2022,BKT,20.17,2400 leke
411027,03.08.2022,Pagese,33.5,none
411428_ks,03.08.2022,Pagese,18,none
411780_ks,03.08.2022,Pagese,21,none
411836_ks,03.08.2022,Pagese,46.5,none
4111454_ks,03.08.2022,Pagese,45,none
4111705_ks,03.08.2022,Pagese,25,none
4111639_ks,03.08.2022,Pagese,8,none
411268_ks,03.08.2022,Pagese,88,none
4111232_ks,03.08.2022,Pagese,25,none
4111265,04.08.2022,Pagese,151.4,17900 leke Taku ne Kavaje
411216,04.08.2022,BKT,359.72,360 EURO
411605,04.08.2022,BKT,355.42,42040 LEKE
411391,04.08.2022,BKT,86.88,10344 LEKE
411237,05.08.2022,Pagese,170.94,20000 leke
411853,05.08.2022,Pagese,140.5,none
4111717,05.08.2022,Pagese,46.47,5500 leke
411106,05.08.2022,Pagese,63.84,7500 leke
4111154_ks,04.08.2022,Pagese,25,none
411428_ks,04.08.2022,Pagese,51.5,none
411375_ks,04.08.2022,Pagese,32.5,none
4111901,05.08.2022,Pagese,146.98,17400 leke
411183,05.08.2022,Pagese,92.7,10800 leke
411188,05.08.2022,Pagese,507.89,Pagoi 505 euro + 400 leke
411237,05.08.2022,Pagese,85.47,10000 leke
411248,05.08.2022,Pagese,170.94,20000 leke
411064,06.08.2022,Pagese,43.59,5100 leke
411868,06.08.2022,BKT,1419.36,169183 LEKE
411780_ks,06.08.2022,Pagese,34,none
411836_ks,06.08.2022,Pagese,68,none
411631,08.08.2022,Pagese,93.56,11000 leke
411734,08.08.2022,Pagese,201.3,23800 leke
411237,09.08.2022,Pagese,85.47,10000 leke
411014,09.08.2022,Pagese,742.39,300 euro + 51700 leke Taku ne Kukes
411417_ks,09.08.2022,PCB,46.8,none
411072,09.08.2022,Pagese,232.2,none
4111395,09.08.2022,BKT,22.35,2600 leke
4112045,09.08.2022,BKT,128.98,15360 leke
411596_ks,09.08.2022,BKT,86.32,none
411977,09.08.2022,Pagese,400,none
411272_ks,09.08.2022,Pagese,17,none
411836_ks,09.08.2022,Pagese,106,none
411934_ks,09.08.2022,Pagese,73.5,none
411525_ks,08.08.2022,Pagese,6,none
4111602_ks,08.08.2022,Pagese,27,none
4111253_ks,08.08.2022,Pagese,45,none
4111541,09.08.2022,BKT,478.51,56214 leke
411846_ks,09.08.2022,Pagese,41.16,none
411366_ks,09.08.2022,Pagese,230,I mori Taku
411016,10.08.2022,Pagese,775.11,90700 leke
411248,09.08.2022,Pagese,70,none
4111238,09.08.2022,Pagese,152.32,18100 leke
411417_ks,10.08.2022,PCB,76.1,none
411106,10.08.2022,Pagese,154,17000 leke
411872_ks,10.08.2022,BKT,251.1,none
411883_ks,11.08.2022,PCB,206.4,none
411268_ks,11.08.2022,Pagese,107.19,none
411493_ks,11.08.2022,Pagese,246,none
411780_ks,11.08.2022,Pagese,133.5,none
411882_ks,11.08.2022,Pagese,71.5,none
4111690_ks,11.08.2022,PCB,382,none
411248,11.08.2022,Pagese,150,none
411074,12.08.2022,Pagese,140,none
4111197,12.08.2022,Pagese,78.64,none
411142,12.08.2022,Pagese,34.4,4000 leke
411780_ks,11.08.2022,Pagese,110,none
4111154_ks,11.08.2022,Pagese,51.5,none
411271_ks,11.08.2022,Pagese,106,none
4111232_ks,11.08.2022,Pagese,27,none
4111276_ks,11.08.2022,Pagese,77,none
411015,11.08.2022,Pagese,131.26,15500 leke
411074,12.08.2022,Pagese,50.3,5900 leke
411439_ks,12.08.2022,BKT,9.6,none
411780_ks,12.08.2022,Pagese,63,none
411268_ks,12.08.2022,Pagese,67,none
4111552_ks,12.08.2022,Pagese,101,none
4111154_ks,12.08.2022,Pagese,45.5,none
411237,15.08.2022,Pagese,111.11,none
4111590_ks,13.08.2022,Pagese,8.5,none
4111276_ks,13.08.2022,Pagese,89.5,none
411525_ks,13.08.2022,Pagese,96,none
4111232_ks,13.08.2022,Pagese,40,none
4111602_ks,15.08.2022,PCB,81.1,none
411207,15.08.2022,Pagese,4300,none
4111734,15.08.2022,BKT,357.6,41800 LEKE
411237,16.08.2022,Pagese,84.75,10000 leke
411346,16.08.2022,BKT,52.4,6130 LEKE
411399,16.08.2022,Pagese,93.94,11000 LEKE me benin
411196,16.08.2022,Pagese,282.05,33000 leke
411031,16.08.2022,Pagese,485.96,57500 leke
411064,16.08.2022,Pagese,16.95,1600 leke
411106,16.08.2022,Pagese,67.36,7900 leke
411905_ks,16.08.2022,BKT,11.16,none
411846_ks,17.08.2022,PCB,62.4,none
411861_ks,16.08.2022,Pagese,8.5,none
4111051_ks,16.08.2022,Pagese,30,none
411780_ks,16.08.2022,Pagese,35,none
411268_ks,16.08.2022,Pagese,87,none
411836_ks,16.08.2022,Pagese,180,none
411271_ks,16.08.2022,Pagese,133,none
4111356_ks,16.08.2022,Pagese,79,none
411532,16.08.2022,Pagese,395,none
4111195_ks,16.08.2022,BKT,329.42,none
411177,17.08.2022,Pagese,31.44,3700 leke
411675,18.08.2022,BKT,564.1,66000 Leke
411836_ks,17.08.2022,Pagese,145.5,none
411780_ks,17.08.2022,Pagese,220.5,none
411780_ks,17.08.2022,Pagese,189.5,none
411428_ks,17.08.2022,Pagese,101.5,none
4111356_ks,17.08.2022,Pagese,16,none
4111648_ks,17.08.2022,Pagese,166.5,none
4111238_ks,17.08.2022,Pagese,396,none
